zam_prod_id;zamow_id;produkt_id;produkt_kod;kolor;product_rozmiar;cena;ilosc;nastanie;status_odbioru
2;2;1;Czapka KioWi z osłoną ochronną;Ciemnoniebieski;;99.90;1;0;0
4;4;1;Czapka KioWi z osłoną ochronną;Ciemnoniebieski;;89.90;1;0;0
13;12;1;Czapka KioWi z osłoną ochronną;Ciemnoniebieski;;89.90;1;0;0
17;15;1;Czapka KioWi z osłoną ochronną;Ciemnoniebieski;;89.90;1;0;0
19;17;1;Czapka KioWi z osłoną ochronną;Ciemnoniebieski;;89.90;1;0;0
24;21;1;Czapka KioWi z osłoną ochronną;Ciemnoniebieski;;89.90;1;0;0
26;23;1;Czapka KioWi z osłoną ochronną;Ciemnoniebieski;;89.90;1;0;0
27;24;1;Czapka KioWi z osłoną ochronną;Ciemnoniebieski;;89.90;1;0;0
64;54;1;Czapka KioWi z osłoną ochronną;Ciemnoniebieski;;89.90;1;0;0
72;60;1;Czapka KioWi z osłoną ochronną;Ciemnoniebieski;;89.90;1;0;0
80;67;1;Czapka KioWi z osłoną ochronną;Ciemnoniebieski;;89.90;1;0;0
85;71;1;Czapka KioWi z osłoną ochronną;Ciemnoniebieski;;89.90;1;0;0
101;85;1;Czapka KioWi z osłoną ochronną;Ciemnoniebieski;;89.90;1;0;0
106;89;1;Czapka KioWi z osłoną ochronną;Ciemnoniebieski;;89.90;2;0;0
123;102;1;Czapka KioWi z osłoną ochronną;Ciemnoniebieski;;89.90;1;0;0
124;103;1;Czapka KioWi z osłoną ochronną;Ciemnoniebieski;;89.90;1;0;0
127;104;1;Czapka KioWi z osłoną ochronną;Ciemnoniebieski;;89.90;1;0;0
129;106;1;Czapka KioWi z osłoną ochronną;Ciemnoniebieski;;89.90;1;0;0
130;107;1;Czapka KioWi z osłoną ochronną;Ciemnoniebieski;;89.90;1;0;0
137;113;1;Czapka KioWi z osłoną ochronną;Ciemnoniebieski;;89.90;2;0;0
148;122;1;Czapka KioWi z osłoną ochronną;Ciemnoniebieski;;89.90;1;0;0
156;127;1;Czapka KioWi z osłoną ochronną;Ciemnoniebieski;;89.90;1;0;0
159;129;1;Czapka KioWi z osłoną ochronną;Ciemnoniebieski;;89.90;2;0;0
164;134;1;Czapka KioWi z osłoną ochronną;Ciemnoniebieski;;89.90;2;0;0
173;142;1;Czapka KioWi z osłoną ochronną;Ciemnoniebieski;;89.90;1;0;0
175;144;1;Czapka KioWi z osłoną ochronną;Ciemnoniebieski;;89.90;1;0;0
181;149;1;Czapka KioWi z osłoną ochronną;Ciemnoniebieski;;89.90;1;0;0
186;153;1;Czapka KioWi z osłoną ochronną;Ciemnoniebieski;;89.90;1;0;0
187;154;1;Czapka KioWi z osłoną ochronną;Ciemnoniebieski;;89.90;1;0;0
188;155;1;Czapka KioWi z osłoną ochronną;Ciemnoniebieski;;89.90;1;0;0
191;157;1;Czapka KioWi z osłoną ochronną;Ciemnoniebieski;;89.90;1;0;0
198;163;1;Czapka KioWi z osłoną ochronną;Ciemnoniebieski;;89.90;1;0;0
199;164;1;Czapka KioWi z osłoną ochronną;Ciemnoniebieski;;89.90;1;0;0
201;166;1;Czapka KioWi z osłoną ochronną;Ciemnoniebieski;;89.90;1;0;0
206;170;1;Czapka KioWi z osłoną ochronną;Ciemnoniebieski;;89.90;2;0;0
210;174;1;Czapka KioWi z osłoną ochronną;Ciemnoniebieski;;89.90;1;0;0
217;181;1;Czapka KioWi z osłoną ochronną;Ciemnoniebieski;;89.90;1;0;0
218;182;1;Czapka KioWi z osłoną ochronną;Ciemnoniebieski;;89.90;1;0;0
220;183;1;Czapka KioWi z osłoną ochronną;Ciemnoniebieski;;89.90;1;0;0
221;184;1;Czapka KioWi z osłoną ochronną;Ciemnoniebieski;;89.90;2;0;0
223;185;1;Czapka KioWi z osłoną ochronną;Ciemnoniebieski;;89.90;1;0;0
225;187;1;Czapka KioWi z osłoną ochronną;Ciemnoniebieski;;89.90;1;0;0
227;188;1;Czapka KioWi z osłoną ochronną;Ciemnoniebieski;;89.90;1;0;0
229;189;1;Czapka KioWi z osłoną ochronną;Ciemnoniebieski;;89.90;1;0;0
231;190;1;Czapka KioWi z osłoną ochronną;Ciemnoniebieski;;89.90;1;0;0
232;191;1;Czapka KioWi z osłoną ochronną;Ciemnoniebieski;;89.90;1;0;0
236;195;1;Czapka KioWi z osłoną ochronną;Ciemnoniebieski;;89.90;1;0;0
238;196;1;Czapka KioWi z osłoną ochronną;Ciemnoniebieski;;89.90;1;0;0
239;197;1;Czapka KioWi z osłoną ochronną;Ciemnoniebieski;;89.90;1;0;0
241;198;1;Czapka KioWi z osłoną ochronną;Ciemnoniebieski;;89.90;1;0;0
242;199;1;Czapka KioWi z osłoną ochronną;Ciemnoniebieski;;89.90;1;0;0
243;200;1;Czapka KioWi z osłoną ochronną;Ciemnoniebieski;;89.90;1;0;0
244;201;1;Czapka KioWi z osłoną ochronną;Ciemnoniebieski;;89.90;1;0;0
246;202;1;Czapka KioWi z osłoną ochronną;Ciemnoniebieski;;89.90;1;0;0
247;203;1;Czapka KioWi z osłoną ochronną;Ciemnoniebieski;;89.90;1;0;0
248;204;1;Czapka KioWi z osłoną ochronną;Ciemnoniebieski;;89.90;1;0;0
249;205;1;Czapka KioWi z osłoną ochronną;Ciemnoniebieski;;89.90;1;0;0
252;207;1;Czapka KioWi z osłoną ochronną;Ciemnoniebieski;;89.90;4;0;0
253;208;1;Czapka KioWi z osłoną ochronną;Ciemnoniebieski;;89.90;4;0;0
254;209;1;Czapka KioWi z osłoną ochronną;Ciemnoniebieski;;89.90;1;0;0
258;212;1;Czapka KioWi z osłoną ochronną;Ciemnoniebieski;;89.90;1;0;0
259;213;1;Czapka KioWi z osłoną ochronną;Ciemnoniebieski;;89.90;1;0;0
262;216;1;Czapka KioWi z osłoną ochronną;Ciemnoniebieski;;89.90;1;0;0
265;218;1;Czapka KioWi z osłoną ochronną;Ciemnoniebieski;;89.90;1;0;0
273;224;1;Czapka KioWi z osłoną ochronną;Ciemnoniebieski;;89.90;1;0;0
277;226;1;Czapka KioWi z osłoną ochronną;Ciemnoniebieski;;89.90;1;0;0
288;234;1;Czapka KioWi z osłoną ochronną;Ciemnoniebieski;;89.90;1;0;0
303;249;1;Czapka KioWi z osłoną ochronną;Ciemnoniebieski;;89.90;1;0;0
304;250;1;Czapka KioWi z osłoną ochronną;Ciemnoniebieski;;89.90;2;0;0
313;257;1;Czapka KioWi z osłoną ochronną;Ciemnoniebieski;;89.90;1;0;0
322;262;1;Czapka KioWi z osłoną ochronną;Ciemnoniebieski;;89.90;1;0;0
326;266;1;Czapka KioWi z osłoną ochronną;Ciemnoniebieski;;89.90;1;0;0
332;271;1;Czapka KioWi z osłoną ochronną;Ciemnoniebieski;;89.90;1;0;0
336;275;1;Czapka KioWi z osłoną ochronną;Ciemnoniebieski;;89.90;1;0;0
343;280;1;Czapka KioWi z osłoną ochronną;Ciemnoniebieski;;89.90;1;0;0
349;283;1;Czapka KioWi z osłoną ochronną;Ciemnoniebieski;;89.90;1;0;0
357;289;1;Czapka KioWi z osłoną ochronną;Ciemnoniebieski;;89.90;1;0;0
364;293;1;Czapka KioWi z osłoną ochronną;Ciemnoniebieski;;89.90;1;0;0
372;299;1;Czapka KioWi z osłoną ochronną;Ciemnoniebieski;;89.90;1;0;0
384;310;1;Czapka KioWi z osłoną ochronną;Ciemnoniebieski;;89.90;1;0;0
389;313;1;Czapka KioWi z osłoną ochronną;Ciemnoniebieski;;89.90;1;0;0
390;314;1;Czapka KioWi z osłoną ochronną;Ciemnoniebieski;;89.90;1;0;0
393;315;1;Czapka KioWi z osłoną ochronną;Ciemnoniebieski;;89.90;1;0;0
401;322;1;Czapka KioWi z osłoną ochronną;Ciemnoniebieski;;89.90;1;0;0
414;332;1;Czapka KioWi z osłoną ochronną;Ciemnoniebieski;;89.90;1;0;0
419;336;1;Czapka KioWi z osłoną ochronną;Ciemnoniebieski;;89.90;1;0;0
428;343;1;Czapka KioWi z osłoną ochronną;Ciemnoniebieski;;89.90;1;0;0
431;345;1;Czapka KioWi z osłoną ochronną;Ciemnoniebieski;;89.90;1;0;0
454;366;1;Czapka KioWi z osłoną ochronną;Ciemnoniebieski;;89.90;1;0;0
462;371;1;Czapka KioWi z osłoną ochronną;Ciemnoniebieski;;89.90;1;0;0
469;377;1;Czapka KioWi z osłoną ochronną;Ciemnoniebieski;;89.90;1;0;0
477;384;1;Czapka KioWi z osłoną ochronną;Ciemnoniebieski;;89.90;1;0;0
478;385;1;Czapka KioWi z osłoną ochronną;Ciemnoniebieski;;89.90;1;0;0
493;399;1;Czapka KioWi z osłoną ochronną;Ciemnoniebieski;;89.90;1;0;0
502;408;1;Czapka KioWi z osłoną ochronną;Ciemnoniebieski;;89.90;1;0;0
505;411;1;Czapka KioWi z osłoną ochronną;Ciemnoniebieski;;89.90;1;0;0
514;418;1;Czapka KioWi z osłoną ochronną;Ciemnoniebieski;;89.90;1;0;0
520;423;1;Czapka KioWi z osłoną ochronną;Ciemnoniebieski;;89.90;1;0;0
525;427;1;Czapka KioWi z osłoną ochronną;Ciemnoniebieski;;89.90;1;0;0
529;431;1;Czapka KioWi z osłoną ochronną;Ciemnoniebieski;;89.90;1;0;0
532;433;1;Czapka KioWi z osłoną ochronną;Ciemnoniebieski;;89.90;1;0;0
534;435;1;Czapka KioWi z osłoną ochronną;Ciemnoniebieski;;89.90;2;0;0
537;437;1;Czapka KioWi z osłoną ochronną;Ciemnoniebieski;;89.90;1;0;0
549;447;1;Czapka KioWi z osłoną ochronną;Ciemnoniebieski;;89.90;1;0;0
553;448;1;Czapka KioWi z osłoną ochronną;Ciemnoniebieski;;89.90;1;0;0
555;450;1;Czapka KioWi z osłoną ochronną;Ciemnoniebieski;;89.90;1;0;0
575;464;1;Czapka KioWi z osłoną ochronną;Ciemnoniebieski;;89.90;1;0;0
580;468;1;Czapka KioWi z osłoną ochronną;Ciemnoniebieski;;89.90;1;0;0
584;470;1;Czapka KioWi z osłoną ochronną;Ciemnoniebieski;;89.90;2;0;0
596;481;1;Czapka KioWi z osłoną ochronną;Ciemnoniebieski;;89.90;1;0;0
604;487;1;Czapka KioWi z osłoną ochronną;Ciemnoniebieski;;74.90;2;0;0
608;489;1;Czapka KioWi z osłoną ochronną;Ciemnoniebieski;;74.90;2;0;0
616;496;1;Czapka KioWi z osłoną ochronną;Ciemnoniebieski;;74.90;1;0;0
620;500;1;Czapka KioWi z osłoną ochronną;Ciemnoniebieski;;74.90;1;0;0
622;501;1;Czapka KioWi z osłoną ochronną;Ciemnoniebieski;;74.90;1;0;0
626;504;1;Czapka KioWi z osłoną ochronną;Ciemnoniebieski;;74.90;1;0;0
627;505;1;Czapka KioWi z osłoną ochronną;Ciemnoniebieski;;74.90;1;0;0
633;511;1;Czapka KioWi z osłoną ochronną;Ciemnoniebieski;;74.90;1;0;0
635;512;1;Czapka KioWi z osłoną ochronną;Ciemnoniebieski;;74.90;1;0;0
637;514;1;Czapka KioWi z osłoną ochronną;Ciemnoniebieski;;74.90;1;0;0
645;521;1;Czapka KioWi z osłoną ochronną;Ciemnoniebieski;;74.90;1;0;0
646;522;1;Czapka KioWi z osłoną ochronną;Ciemnoniebieski;;74.90;1;0;0
651;526;1;Czapka KioWi z osłoną ochronną;Ciemnoniebieski;;74.90;1;0;0
652;527;1;Czapka KioWi z osłoną ochronną;Ciemnoniebieski;;74.90;1;0;0
665;538;1;Czapka KioWi z osłoną ochronną;Ciemnoniebieski;;89.90;1;0;0
669;542;1;Czapka KioWi z osłoną ochronną;Ciemnoniebieski;;89.90;1;0;0
684;554;1;Czapka KioWi z osłoną ochronną;Ciemnoniebieski;;89.90;1;0;0
31;27;1;Czapka KioWi z osłoną ochronną;Ciemnoniebieski;;89.90;1;0;0
34;29;1;Czapka KioWi z osłoną ochronną;Ciemnoniebieski;;89.90;1;0;0
39;34;1;Czapka KioWi z osłoną ochronną;Ciemnoniebieski;;89.90;1;0;0
40;35;1;Czapka KioWi z osłoną ochronną;Ciemnoniebieski;;89.90;1;0;0
50;42;1;Czapka KioWi z osłoną ochronną;Ciemnoniebieski;;89.90;1;0;0
53;45;1;Czapka KioWi z osłoną ochronną;Ciemnoniebieski;;89.90;1;0;0
3;3;1;Czapka KioWi z osłoną ochronną;Czarny;;89.90;2;0;0
8;8;1;Czapka KioWi z osłoną ochronną;Czarny;;89.90;1;0;0
14;13;1;Czapka KioWi z osłoną ochronną;Czarny;;89.90;1;0;0
15;14;1;Czapka KioWi z osłoną ochronną;Czarny;;89.90;1;0;0
18;16;1;Czapka KioWi z osłoną ochronną;Czarny;;89.90;1;0;0
21;18;1;Czapka KioWi z osłoną ochronną;Czarny;;89.90;1;0;0
22;19;1;Czapka KioWi z osłoną ochronną;Czarny;;89.90;1;0;0
59;50;1;Czapka KioWi z osłoną ochronną;Czarny;;89.90;1;0;0
61;52;1;Czapka KioWi z osłoną ochronną;Czarny;;89.90;1;0;0
63;53;1;Czapka KioWi z osłoną ochronną;Czarny;;89.90;1;0;0
65;55;1;Czapka KioWi z osłoną ochronną;Czarny;;89.90;2;0;0
69;58;1;Czapka KioWi z osłoną ochronną;Czarny;;89.90;1;0;0
71;59;1;Czapka KioWi z osłoną ochronną;Czarny;;89.90;1;0;0
74;61;1;Czapka KioWi z osłoną ochronną;Czarny;;89.90;1;0;0
75;62;1;Czapka KioWi z osłoną ochronną;Czarny;;89.90;1;0;0
77;64;1;Czapka KioWi z osłoną ochronną;Czarny;;89.90;1;0;0
79;66;1;Czapka KioWi z osłoną ochronną;Czarny;;89.90;1;0;0
84;70;1;Czapka KioWi z osłoną ochronną;Czarny;;89.90;1;0;0
86;71;1;Czapka KioWi z osłoną ochronną;Czarny;;89.90;1;0;0
87;72;1;Czapka KioWi z osłoną ochronną;Czarny;;89.90;1;0;0
88;73;1;Czapka KioWi z osłoną ochronną;Czarny;;89.90;2;0;0
89;74;1;Czapka KioWi z osłoną ochronną;Czarny;;89.90;1;0;0
92;77;1;Czapka KioWi z osłoną ochronną;Czarny;;89.90;1;0;0
93;78;1;Czapka KioWi z osłoną ochronną;Czarny;;89.90;1;0;0
95;79;1;Czapka KioWi z osłoną ochronną;Czarny;;89.90;1;0;0
96;80;1;Czapka KioWi z osłoną ochronną;Czarny;;89.90;1;0;0
100;84;1;Czapka KioWi z osłoną ochronną;Czarny;;89.90;1;0;0
102;86;1;Czapka KioWi z osłoną ochronną;Czarny;;89.90;1;0;0
264;217;1;Czapka KioWi z osłoną ochronną;Czarny;;89.90;1;0;0
268;220;1;Czapka KioWi z osłoną ochronną;Czarny;;89.90;1;0;0
274;225;1;Czapka KioWi z osłoną ochronną;Czarny;;89.90;1;0;0
276;226;1;Czapka KioWi z osłoną ochronną;Czarny;;89.90;3;0;0
278;227;1;Czapka KioWi z osłoną ochronną;Czarny;;89.90;1;0;0
280;228;1;Czapka KioWi z osłoną ochronną;Czarny;;89.90;1;0;0
282;230;1;Czapka KioWi z osłoną ochronną;Czarny;;89.90;1;0;0
284;232;1;Czapka KioWi z osłoną ochronną;Czarny;;89.90;1;0;0
285;233;1;Czapka KioWi z osłoną ochronną;Czarny;;89.90;1;0;0
287;234;1;Czapka KioWi z osłoną ochronną;Czarny;;89.90;1;0;0
290;236;1;Czapka KioWi z osłoną ochronną;Czarny;;89.90;1;0;0
291;237;1;Czapka KioWi z osłoną ochronną;Czarny;;89.90;1;0;0
292;238;1;Czapka KioWi z osłoną ochronną;Czarny;;89.90;1;0;0
296;242;1;Czapka KioWi z osłoną ochronną;Czarny;;89.90;1;0;0
298;244;1;Czapka KioWi z osłoną ochronną;Czarny;;89.90;1;0;0
300;246;1;Czapka KioWi z osłoną ochronną;Czarny;;89.90;1;0;0
305;251;1;Czapka KioWi z osłoną ochronną;Czarny;;89.90;1;0;0
306;252;1;Czapka KioWi z osłoną ochronną;Czarny;;89.90;1;0;0
309;254;1;Czapka KioWi z osłoną ochronną;Czarny;;89.90;1;0;0
310;255;1;Czapka KioWi z osłoną ochronną;Czarny;;89.90;1;0;0
316;259;1;Czapka KioWi z osłoną ochronną;Czarny;;89.90;1;0;0
323;263;1;Czapka KioWi z osłoną ochronną;Czarny;;89.90;1;0;0
324;264;1;Czapka KioWi z osłoną ochronną;Czarny;;89.90;1;0;0
325;265;1;Czapka KioWi z osłoną ochronną;Czarny;;89.90;2;0;0
328;267;1;Czapka KioWi z osłoną ochronną;Czarny;;89.90;1;0;0
329;268;1;Czapka KioWi z osłoną ochronną;Czarny;;89.90;2;0;0
337;276;1;Czapka KioWi z osłoną ochronną;Czarny;;89.90;1;0;0
338;277;1;Czapka KioWi z osłoną ochronną;Czarny;;89.90;1;0;0
341;279;1;Czapka KioWi z osłoną ochronną;Czarny;;89.90;1;0;0
346;281;1;Czapka KioWi z osłoną ochronną;Czarny;;89.90;1;0;0
348;283;1;Czapka KioWi z osłoną ochronną;Czarny;;89.90;1;0;0
350;284;1;Czapka KioWi z osłoną ochronną;Czarny;;89.90;1;0;0
352;286;1;Czapka KioWi z osłoną ochronną;Czarny;;89.90;1;0;0
358;289;1;Czapka KioWi z osłoną ochronną;Czarny;;89.90;1;0;0
359;290;1;Czapka KioWi z osłoną ochronną;Czarny;;89.90;1;0;0
361;291;1;Czapka KioWi z osłoną ochronną;Czarny;;89.90;1;0;0
362;292;1;Czapka KioWi z osłoną ochronną;Czarny;;89.90;1;0;0
363;293;1;Czapka KioWi z osłoną ochronną;Czarny;;89.90;1;0;0
366;294;1;Czapka KioWi z osłoną ochronną;Czarny;;89.90;1;0;0
367;295;1;Czapka KioWi z osłoną ochronną;Czarny;;89.90;1;0;0
368;296;1;Czapka KioWi z osłoną ochronną;Czarny;;89.90;1;0;0
371;298;1;Czapka KioWi z osłoną ochronną;Czarny;;89.90;1;0;0
374;301;1;Czapka KioWi z osłoną ochronną;Czarny;;89.90;1;0;0
376;303;1;Czapka KioWi z osłoną ochronną;Czarny;;89.90;1;0;0
377;304;1;Czapka KioWi z osłoną ochronną;Czarny;;89.90;1;0;0
378;305;1;Czapka KioWi z osłoną ochronną;Czarny;;89.90;1;0;0
379;306;1;Czapka KioWi z osłoną ochronną;Czarny;;89.90;1;0;0
380;307;1;Czapka KioWi z osłoną ochronną;Czarny;;89.90;1;0;0
383;309;1;Czapka KioWi z osłoną ochronną;Czarny;;89.90;2;0;0
385;311;1;Czapka KioWi z osłoną ochronną;Czarny;;89.90;1;0;0
388;313;1;Czapka KioWi z osłoną ochronną;Czarny;;89.90;1;0;0
391;314;1;Czapka KioWi z osłoną ochronną;Czarny;;89.90;1;0;0
392;315;1;Czapka KioWi z osłoną ochronną;Czarny;;89.90;1;0;0
394;316;1;Czapka KioWi z osłoną ochronną;Czarny;;89.90;1;0;0
397;319;1;Czapka KioWi z osłoną ochronną;Czarny;;89.90;1;0;0
399;320;1;Czapka KioWi z osłoną ochronną;Czarny;;89.90;1;0;0
400;321;1;Czapka KioWi z osłoną ochronną;Czarny;;89.90;2;0;0
404;325;1;Czapka KioWi z osłoną ochronną;Czarny;;89.90;1;0;0
405;326;1;Czapka KioWi z osłoną ochronną;Czarny;;89.90;1;0;0
410;329;1;Czapka KioWi z osłoną ochronną;Czarny;;89.90;1;0;0
411;330;1;Czapka KioWi z osłoną ochronną;Czarny;;89.90;1;0;0
413;331;1;Czapka KioWi z osłoną ochronną;Czarny;;89.90;1;0;0
416;334;1;Czapka KioWi z osłoną ochronną;Czarny;;89.90;1;0;0
417;335;1;Czapka KioWi z osłoną ochronną;Czarny;;89.90;1;0;0
418;336;1;Czapka KioWi z osłoną ochronną;Czarny;;89.90;1;0;0
424;339;1;Czapka KioWi z osłoną ochronną;Czarny;;89.90;1;0;0
425;340;1;Czapka KioWi z osłoną ochronną;Czarny;;89.90;1;0;0
427;342;1;Czapka KioWi z osłoną ochronną;Czarny;;89.90;1;0;0
430;345;1;Czapka KioWi z osłoną ochronną;Czarny;;89.90;1;0;0
432;346;1;Czapka KioWi z osłoną ochronną;Czarny;;89.90;1;0;0
433;347;1;Czapka KioWi z osłoną ochronną;Czarny;;89.90;1;0;0
435;349;1;Czapka KioWi z osłoną ochronną;Czarny;;89.90;1;0;0
442;355;1;Czapka KioWi z osłoną ochronną;Czarny;;89.90;1;0;0
443;356;1;Czapka KioWi z osłoną ochronną;Czarny;;89.90;1;0;0
444;357;1;Czapka KioWi z osłoną ochronną;Czarny;;89.90;1;0;0
445;358;1;Czapka KioWi z osłoną ochronną;Czarny;;89.90;1;0;0
446;359;1;Czapka KioWi z osłoną ochronną;Czarny;;89.90;1;0;0
449;362;1;Czapka KioWi z osłoną ochronną;Czarny;;89.90;1;0;0
452;364;1;Czapka KioWi z osłoną ochronną;Czarny;;89.90;1;0;0
453;365;1;Czapka KioWi z osłoną ochronną;Czarny;;89.90;2;0;0
456;367;1;Czapka KioWi z osłoną ochronną;Czarny;;89.90;1;0;0
459;368;1;Czapka KioWi z osłoną ochronną;Czarny;;89.90;1;0;0
460;369;1;Czapka KioWi z osłoną ochronną;Czarny;;89.90;1;0;0
463;372;1;Czapka KioWi z osłoną ochronną;Czarny;;89.90;1;0;0
465;373;1;Czapka KioWi z osłoną ochronną;Czarny;;89.90;1;0;0
466;374;1;Czapka KioWi z osłoną ochronną;Czarny;;89.90;1;0;0
467;375;1;Czapka KioWi z osłoną ochronną;Czarny;;89.90;1;0;0
468;376;1;Czapka KioWi z osłoną ochronną;Czarny;;89.90;1;0;0
470;378;1;Czapka KioWi z osłoną ochronną;Czarny;;89.90;1;0;0
471;379;1;Czapka KioWi z osłoną ochronną;Czarny;;89.90;1;0;0
472;380;1;Czapka KioWi z osłoną ochronną;Czarny;;89.90;1;0;0
474;381;1;Czapka KioWi z osłoną ochronną;Czarny;;89.90;1;0;0
479;385;1;Czapka KioWi z osłoną ochronną;Czarny;;89.90;1;0;0
481;387;1;Czapka KioWi z osłoną ochronną;Czarny;;89.90;1;0;0
482;388;1;Czapka KioWi z osłoną ochronną;Czarny;;89.90;1;0;0
483;389;1;Czapka KioWi z osłoną ochronną;Czarny;;89.90;3;0;0
484;390;1;Czapka KioWi z osłoną ochronną;Czarny;;89.90;1;0;0
485;391;1;Czapka KioWi z osłoną ochronną;Czarny;;89.90;2;0;0
486;392;1;Czapka KioWi z osłoną ochronną;Czarny;;89.90;1;0;0
487;393;1;Czapka KioWi z osłoną ochronną;Czarny;;89.90;2;0;0
488;394;1;Czapka KioWi z osłoną ochronną;Czarny;;89.90;1;0;0
490;396;1;Czapka KioWi z osłoną ochronną;Czarny;;89.90;3;0;0
491;397;1;Czapka KioWi z osłoną ochronną;Czarny;;89.90;1;0;0
492;398;1;Czapka KioWi z osłoną ochronną;Czarny;;89.90;1;0;0
494;400;1;Czapka KioWi z osłoną ochronną;Czarny;;89.90;1;0;0
495;401;1;Czapka KioWi z osłoną ochronną;Czarny;;89.90;1;0;0
496;402;1;Czapka KioWi z osłoną ochronną;Czarny;;89.90;1;0;0
497;403;1;Czapka KioWi z osłoną ochronną;Czarny;;89.90;1;0;0
498;404;1;Czapka KioWi z osłoną ochronną;Czarny;;89.90;1;0;0
500;406;1;Czapka KioWi z osłoną ochronną;Czarny;;89.90;1;0;0
503;409;1;Czapka KioWi z osłoną ochronną;Czarny;;89.90;1;0;0
504;410;1;Czapka KioWi z osłoną ochronną;Czarny;;89.90;1;0;0
506;411;1;Czapka KioWi z osłoną ochronną;Czarny;;89.90;1;0;0
509;414;1;Czapka KioWi z osłoną ochronną;Czarny;;89.90;1;0;0
511;415;1;Czapka KioWi z osłoną ochronną;Czarny;;89.90;1;0;0
513;417;1;Czapka KioWi z osłoną ochronną;Czarny;;89.90;1;0;0
517;420;1;Czapka KioWi z osłoną ochronną;Czarny;;89.90;1;0;0
518;421;1;Czapka KioWi z osłoną ochronną;Czarny;;89.90;1;0;0
519;422;1;Czapka KioWi z osłoną ochronną;Czarny;;89.90;1;0;0
523;425;1;Czapka KioWi z osłoną ochronną;Czarny;;89.90;2;0;0
526;428;1;Czapka KioWi z osłoną ochronną;Czarny;;89.90;1;0;0
527;429;1;Czapka KioWi z osłoną ochronną;Czarny;;89.90;1;0;0
528;430;1;Czapka KioWi z osłoną ochronną;Czarny;;89.90;1;0;0
531;432;1;Czapka KioWi z osłoną ochronną;Czarny;;89.90;1;0;0
533;434;1;Czapka KioWi z osłoną ochronną;Czarny;;89.90;1;0;0
536;436;1;Czapka KioWi z osłoną ochronną;Czarny;;89.90;2;0;0
538;437;1;Czapka KioWi z osłoną ochronną;Czarny;;89.90;1;0;0
540;439;1;Czapka KioWi z osłoną ochronną;Czarny;;89.90;2;0;0
541;440;1;Czapka KioWi z osłoną ochronną;Czarny;;89.90;1;0;0
542;441;1;Czapka KioWi z osłoną ochronną;Czarny;;89.90;1;0;0
544;442;1;Czapka KioWi z osłoną ochronną;Czarny;;89.90;1;0;0
545;443;1;Czapka KioWi z osłoną ochronną;Czarny;;89.90;2;0;0
547;445;1;Czapka KioWi z osłoną ochronną;Czarny;;89.90;1;0;0
548;446;1;Czapka KioWi z osłoną ochronną;Czarny;;89.90;2;0;0
551;447;1;Czapka KioWi z osłoną ochronną;Czarny;;89.90;1;0;0
552;448;1;Czapka KioWi z osłoną ochronną;Czarny;;89.90;1;0;0
556;451;1;Czapka KioWi z osłoną ochronną;Czarny;;89.90;1;0;0
557;452;1;Czapka KioWi z osłoną ochronną;Czarny;;89.90;1;0;0
558;453;1;Czapka KioWi z osłoną ochronną;Czarny;;89.90;1;0;0
560;454;1;Czapka KioWi z osłoną ochronną;Czarny;;89.90;1;0;0
563;455;1;Czapka KioWi z osłoną ochronną;Czarny;;89.90;1;0;0
565;457;1;Czapka KioWi z osłoną ochronną;Czarny;;89.90;1;0;0
567;458;1;Czapka KioWi z osłoną ochronną;Czarny;;89.90;1;0;0
569;459;1;Czapka KioWi z osłoną ochronną;Czarny;;89.90;1;0;0
570;460;1;Czapka KioWi z osłoną ochronną;Czarny;;89.90;1;0;0
571;461;1;Czapka KioWi z osłoną ochronną;Czarny;;89.90;2;0;0
572;462;1;Czapka KioWi z osłoną ochronną;Czarny;;89.90;1;0;0
574;464;1;Czapka KioWi z osłoną ochronną;Czarny;;89.90;1;0;0
576;465;1;Czapka KioWi z osłoną ochronną;Czarny;;89.90;1;0;0
583;469;1;Czapka KioWi z osłoną ochronną;Czarny;;89.90;1;0;0
587;472;1;Czapka KioWi z osłoną ochronną;Czarny;;89.90;1;0;0
588;473;1;Czapka KioWi z osłoną ochronną;Czarny;;89.90;1;0;0
589;474;1;Czapka KioWi z osłoną ochronną;Czarny;;89.90;1;0;0
590;475;1;Czapka KioWi z osłoną ochronną;Czarny;;89.90;1;0;0
591;476;1;Czapka KioWi z osłoną ochronną;Czarny;;89.90;1;0;0
594;479;1;Czapka KioWi z osłoną ochronną;Czarny;;89.90;1;0;0
597;482;1;Czapka KioWi z osłoną ochronną;Czarny;;89.90;1;0;0
601;485;1;Czapka KioWi z osłoną ochronną;Czarny;;74.90;1;0;0
603;486;1;Czapka KioWi z osłoną ochronną;Czarny;;74.90;2;0;0
607;489;1;Czapka KioWi z osłoną ochronną;Czarny;;74.90;2;0;0
614;494;1;Czapka KioWi z osłoną ochronną;Czarny;;74.90;1;0;0
615;495;1;Czapka KioWi z osłoną ochronną;Czarny;;74.90;1;0;0
623;502;1;Czapka KioWi z osłoną ochronną;Czarny;;74.90;2;0;0
624;503;1;Czapka KioWi z osłoną ochronną;Czarny;;74.90;2;0;0
628;506;1;Czapka KioWi z osłoną ochronną;Czarny;;74.90;1;0;0
629;507;1;Czapka KioWi z osłoną ochronną;Czarny;;74.90;1;0;0
630;508;1;Czapka KioWi z osłoną ochronną;Czarny;;74.90;1;0;0
631;509;1;Czapka KioWi z osłoną ochronną;Czarny;;74.90;1;0;0
634;512;1;Czapka KioWi z osłoną ochronną;Czarny;;74.90;1;0;0
636;513;1;Czapka KioWi z osłoną ochronną;Czarny;;74.90;1;0;0
638;515;1;Czapka KioWi z osłoną ochronną;Czarny;;74.90;1;0;0
639;516;1;Czapka KioWi z osłoną ochronną;Czarny;;74.90;1;0;0
640;517;1;Czapka KioWi z osłoną ochronną;Czarny;;74.90;1;0;0
642;518;1;Czapka KioWi z osłoną ochronną;Czarny;;74.90;1;0;0
643;519;1;Czapka KioWi z osłoną ochronną;Czarny;;74.90;1;0;0
647;523;1;Czapka KioWi z osłoną ochronną;Czarny;;74.90;1;0;0
648;524;1;Czapka KioWi z osłoną ochronną;Czarny;;74.90;1;0;0
654;529;1;Czapka KioWi z osłoną ochronną;Czarny;;74.90;1;0;0
655;530;1;Czapka KioWi z osłoną ochronną;Czarny;;74.90;1;0;0
657;532;1;Czapka KioWi z osłoną ochronną;Czarny;;89.90;1;0;0
659;533;1;Czapka KioWi z osłoną ochronną;Czarny;;89.90;1;0;0
661;534;1;Czapka KioWi z osłoną ochronną;Czarny;;89.90;1;0;0
662;535;1;Czapka KioWi z osłoną ochronną;Czarny;;89.90;2;0;0
663;536;1;Czapka KioWi z osłoną ochronną;Czarny;;89.90;2;0;0
664;537;1;Czapka KioWi z osłoną ochronną;Czarny;;89.90;1;0;0
668;541;1;Czapka KioWi z osłoną ochronną;Czarny;;89.90;1;0;0
671;543;1;Czapka KioWi z osłoną ochronną;Czarny;;89.90;1;0;0
678;549;1;Czapka KioWi z osłoną ochronną;Czarny;;89.90;1;0;0
679;550;1;Czapka KioWi z osłoną ochronną;Czarny;;89.90;1;0;0
680;551;1;Czapka KioWi z osłoną ochronną;Czarny;;89.90;1;0;0
683;553;1;Czapka KioWi z osłoną ochronną;Czarny;;89.90;1;0;0
685;555;1;Czapka KioWi z osłoną ochronną;Czarny;;89.90;1;0;0
687;557;1;Czapka KioWi z osłoną ochronną;Czarny;;89.90;1;0;0
689;559;1;Czapka KioWi z osłoną ochronną;Czarny;;89.90;1;0;0
690;560;1;Czapka KioWi z osłoną ochronną;Czarny;;89.90;1;0;0
691;561;1;Czapka KioWi z osłoną ochronną;Czarny;;89.90;2;0;0
693;562;1;Czapka KioWi z osłoną ochronną;Czarny;;89.90;1;0;0
695;563;1;Czapka KioWi z osłoną ochronną;Czarny;;89.90;1;0;0
697;564;1;Czapka KioWi z osłoną ochronną;Czarny;;89.90;1;0;0
698;565;1;Czapka KioWi z osłoną ochronną;Czarny;;89.90;2;0;0
28;25;1;Czapka KioWi z osłoną ochronną;Czarny;;89.90;1;0;0
30;26;1;Czapka KioWi z osłoną ochronną;Czarny;;89.90;2;0;0
32;27;1;Czapka KioWi z osłoną ochronną;Czarny;;89.90;1;0;0
35;30;1;Czapka KioWi z osłoną ochronną;Czarny;;89.90;1;0;0
43;37;1;Czapka KioWi z osłoną ochronną;Czarny;;89.90;1;0;0
47;40;1;Czapka KioWi z osłoną ochronną;Czarny;;89.90;1;0;0
51;43;1;Czapka KioWi z osłoną ochronną;Czarny;;89.90;1;0;0
52;44;1;Czapka KioWi z osłoną ochronną;Czarny;;89.90;1;0;0
54;46;1;Czapka KioWi z osłoną ochronną;Czarny;;89.90;1;0;0
56;47;1;Czapka KioWi z osłoną ochronną;Czarny;;89.90;2;0;0
57;48;1;Czapka KioWi z osłoną ochronną;Czarny;;89.90;1;0;0
104;88;1;Czapka KioWi z osłoną ochronną;Czarny;;89.90;3;0;0
108;91;1;Czapka KioWi z osłoną ochronną;Czarny;;89.90;1;0;0
112;94;1;Czapka KioWi z osłoną ochronną;Czarny;;89.90;2;0;0
113;95;1;Czapka KioWi z osłoną ochronną;Czarny;;89.90;1;0;0
114;96;1;Czapka KioWi z osłoną ochronną;Czarny;;89.90;1;0;0
125;104;1;Czapka KioWi z osłoną ochronną;Czarny;;89.90;1;0;0
132;109;1;Czapka KioWi z osłoną ochronną;Czarny;;89.90;2;0;0
134;111;1;Czapka KioWi z osłoną ochronną;Czarny;;89.90;1;0;0
140;116;1;Czapka KioWi z osłoną ochronną;Czarny;;89.90;1;0;0
145;120;1;Czapka KioWi z osłoną ochronną;Czarny;;89.90;1;0;0
150;123;1;Czapka KioWi z osłoną ochronną;Czarny;;89.90;1;0;0
152;124;1;Czapka KioWi z osłoną ochronną;Czarny;;89.90;1;0;0
153;125;1;Czapka KioWi z osłoną ochronną;Czarny;;89.90;1;0;0
160;130;1;Czapka KioWi z osłoną ochronną;Czarny;;89.90;1;0;0
162;132;1;Czapka KioWi z osłoną ochronną;Czarny;;89.90;1;0;0
169;138;1;Czapka KioWi z osłoną ochronną;Czarny;;89.90;1;0;0
170;139;1;Czapka KioWi z osłoną ochronną;Czarny;;89.90;1;0;0
176;145;1;Czapka KioWi z osłoną ochronną;Czarny;;89.90;2;0;0
177;146;1;Czapka KioWi z osłoną ochronną;Czarny;;89.90;1;0;0
179;147;1;Czapka KioWi z osłoną ochronną;Czarny;;89.90;2;0;0
185;152;1;Czapka KioWi z osłoną ochronną;Czarny;;89.90;2;0;0
189;156;1;Czapka KioWi z osłoną ochronną;Czarny;;89.90;1;0;0
190;157;1;Czapka KioWi z osłoną ochronną;Czarny;;89.90;1;0;0
197;162;1;Czapka KioWi z osłoną ochronną;Czarny;;89.90;1;0;0
1;1;1;Czapka KioWi z osłoną ochronną;Grafitowy;;99.90;1;0;0
6;6;1;Czapka KioWi z osłoną ochronną;Grafitowy;;89.90;1;0;0
7;7;1;Czapka KioWi z osłoną ochronną;Grafitowy;;89.90;1;0;0
12;11;1;Czapka KioWi z osłoną ochronną;Grafitowy;;1.00;1;0;0
16;15;1;Czapka KioWi z osłoną ochronną;Grafitowy;;89.90;1;0;0
20;17;1;Czapka KioWi z osłoną ochronną;Grafitowy;;89.90;2;0;0
23;20;1;Czapka KioWi z osłoną ochronną;Grafitowy;;89.90;1;0;0
25;22;1;Czapka KioWi z osłoną ochronną;Grafitowy;;89.90;1;0;0
58;49;1;Czapka KioWi z osłoną ochronną;Grafitowy;;89.90;1;0;0
60;51;1;Czapka KioWi z osłoną ochronną;Grafitowy;;89.90;1;0;0
62;52;1;Czapka KioWi z osłoną ochronną;Grafitowy;;89.90;1;0;0
66;55;1;Czapka KioWi z osłoną ochronną;Grafitowy;;89.90;2;0;0
67;56;1;Czapka KioWi z osłoną ochronną;Grafitowy;;89.90;1;0;0
73;60;1;Czapka KioWi z osłoną ochronną;Grafitowy;;89.90;1;0;0
76;63;1;Czapka KioWi z osłoną ochronną;Grafitowy;;89.90;1;0;0
78;65;1;Czapka KioWi z osłoną ochronną;Grafitowy;;89.90;1;0;0
82;69;1;Czapka KioWi z osłoną ochronną;Grafitowy;;89.90;2;0;0
83;70;1;Czapka KioWi z osłoną ochronną;Grafitowy;;89.90;1;0;0
90;75;1;Czapka KioWi z osłoną ochronną;Grafitowy;;89.90;1;0;0
94;79;1;Czapka KioWi z osłoną ochronną;Grafitowy;;89.90;1;0;0
97;81;1;Czapka KioWi z osłoną ochronną;Grafitowy;;89.90;1;0;0
98;82;1;Czapka KioWi z osłoną ochronną;Grafitowy;;89.90;1;0;0
99;83;1;Czapka KioWi z osłoną ochronną;Grafitowy;;89.90;1;0;0
103;87;1;Czapka KioWi z osłoną ochronną;Grafitowy;;89.90;1;0;0
105;89;1;Czapka KioWi z osłoną ochronną;Grafitowy;;89.90;2;0;0
107;90;1;Czapka KioWi z osłoną ochronną;Grafitowy;;89.90;1;0;0
110;92;1;Czapka KioWi z osłoną ochronną;Grafitowy;;89.90;1;0;0
111;93;1;Czapka KioWi z osłoną ochronną;Grafitowy;;89.90;1;0;0
116;97;1;Czapka KioWi z osłoną ochronną;Grafitowy;;89.90;1;0;0
117;98;1;Czapka KioWi z osłoną ochronną;Grafitowy;;89.90;1;0;0
118;99;1;Czapka KioWi z osłoną ochronną;Grafitowy;;89.90;1;0;0
119;100;1;Czapka KioWi z osłoną ochronną;Grafitowy;;89.90;2;0;0
120;101;1;Czapka KioWi z osłoną ochronną;Grafitowy;;89.90;1;0;0
122;102;1;Czapka KioWi z osłoną ochronną;Grafitowy;;89.90;1;0;0
135;111;1;Czapka KioWi z osłoną ochronną;Grafitowy;;89.90;1;0;0
136;112;1;Czapka KioWi z osłoną ochronną;Grafitowy;;89.90;1;0;0
139;115;1;Czapka KioWi z osłoną ochronną;Grafitowy;;89.90;1;0;0
143;118;1;Czapka KioWi z osłoną ochronną;Grafitowy;;89.90;1;0;0
146;120;1;Czapka KioWi z osłoną ochronną;Grafitowy;;89.90;1;0;0
147;121;1;Czapka KioWi z osłoną ochronną;Grafitowy;;89.90;1;0;0
149;122;1;Czapka KioWi z osłoną ochronną;Grafitowy;;89.90;1;0;0
155;127;1;Czapka KioWi z osłoną ochronną;Grafitowy;;89.90;1;0;0
157;128;1;Czapka KioWi z osłoną ochronną;Grafitowy;;89.90;1;0;0
161;131;1;Czapka KioWi z osłoną ochronną;Grafitowy;;89.90;1;0;0
163;133;1;Czapka KioWi z osłoną ochronną;Grafitowy;;89.90;2;0;0
165;135;1;Czapka KioWi z osłoną ochronną;Grafitowy;;89.90;1;0;0
166;136;1;Czapka KioWi z osłoną ochronną;Grafitowy;;89.90;1;0;0
168;137;1;Czapka KioWi z osłoną ochronną;Grafitowy;;89.90;1;0;0
172;141;1;Czapka KioWi z osłoną ochronną;Grafitowy;;89.90;1;0;0
174;143;1;Czapka KioWi z osłoną ochronną;Grafitowy;;89.90;1;0;0
178;146;1;Czapka KioWi z osłoną ochronną;Grafitowy;;89.90;1;0;0
180;148;1;Czapka KioWi z osłoną ochronną;Grafitowy;;89.90;1;0;0
184;151;1;Czapka KioWi z osłoną ochronną;Grafitowy;;89.90;1;0;0
192;158;1;Czapka KioWi z osłoną ochronną;Grafitowy;;89.90;1;0;0
193;159;1;Czapka KioWi z osłoną ochronną;Grafitowy;;89.90;1;0;0
195;160;1;Czapka KioWi z osłoną ochronną;Grafitowy;;89.90;1;0;0
202;166;1;Czapka KioWi z osłoną ochronną;Grafitowy;;89.90;1;0;0
203;167;1;Czapka KioWi z osłoną ochronną;Grafitowy;;89.90;1;0;0
204;168;1;Czapka KioWi z osłoną ochronną;Grafitowy;;89.90;1;0;0
205;169;1;Czapka KioWi z osłoną ochronną;Grafitowy;;89.90;1;0;0
207;171;1;Czapka KioWi z osłoną ochronną;Grafitowy;;89.90;1;0;0
208;172;1;Czapka KioWi z osłoną ochronną;Grafitowy;;89.90;1;0;0
209;173;1;Czapka KioWi z osłoną ochronną;Grafitowy;;89.90;1;0;0
211;175;1;Czapka KioWi z osłoną ochronną;Grafitowy;;89.90;1;0;0
212;176;1;Czapka KioWi z osłoną ochronną;Grafitowy;;89.90;1;0;0
213;177;1;Czapka KioWi z osłoną ochronną;Grafitowy;;89.90;1;0;0
214;178;1;Czapka KioWi z osłoną ochronną;Grafitowy;;89.90;1;0;0
216;180;1;Czapka KioWi z osłoną ochronną;Grafitowy;;89.90;1;0;0
271;223;1;Czapka KioWi z osłoną ochronną;Grafitowy;;89.90;1;0;0
275;225;1;Czapka KioWi z osłoną ochronną;Grafitowy;;89.90;1;0;0
279;227;1;Czapka KioWi z osłoną ochronną;Grafitowy;;89.90;1;0;0
281;229;1;Czapka KioWi z osłoną ochronną;Grafitowy;;89.90;1;0;0
283;231;1;Czapka KioWi z osłoną ochronną;Grafitowy;;89.90;1;0;0
294;240;1;Czapka KioWi z osłoną ochronną;Grafitowy;;89.90;1;0;0
295;241;1;Czapka KioWi z osłoną ochronną;Grafitowy;;89.90;1;0;0
299;245;1;Czapka KioWi z osłoną ochronną;Grafitowy;;89.90;2;0;0
301;247;1;Czapka KioWi z osłoną ochronną;Grafitowy;;89.90;1;0;0
302;248;1;Czapka KioWi z osłoną ochronną;Grafitowy;;89.90;1;0;0
308;253;1;Czapka KioWi z osłoną ochronną;Grafitowy;;89.90;2;0;0
312;256;1;Czapka KioWi z osłoną ochronną;Grafitowy;;89.90;1;0;0
315;258;1;Czapka KioWi z osłoną ochronną;Grafitowy;;89.90;1;0;0
318;260;1;Czapka KioWi z osłoną ochronną;Grafitowy;;89.90;1;0;0
320;261;1;Czapka KioWi z osłoną ochronną;Grafitowy;;89.90;1;0;0
321;262;1;Czapka KioWi z osłoną ochronną;Grafitowy;;89.90;1;0;0
327;266;1;Czapka KioWi z osłoną ochronną;Grafitowy;;89.90;1;0;0
330;269;1;Czapka KioWi z osłoną ochronną;Grafitowy;;89.90;1;0;0
331;270;1;Czapka KioWi z osłoną ochronną;Grafitowy;;89.90;1;0;0
333;272;1;Czapka KioWi z osłoną ochronną;Grafitowy;;89.90;1;0;0
334;273;1;Czapka KioWi z osłoną ochronną;Grafitowy;;89.90;1;0;0
335;274;1;Czapka KioWi z osłoną ochronną;Grafitowy;;89.90;1;0;0
339;277;1;Czapka KioWi z osłoną ochronną;Grafitowy;;89.90;1;0;0
340;278;1;Czapka KioWi z osłoną ochronną;Grafitowy;;89.90;1;0;0
342;279;1;Czapka KioWi z osłoną ochronną;Grafitowy;;89.90;1;0;0
344;280;1;Czapka KioWi z osłoną ochronną;Grafitowy;;89.90;1;0;0
347;282;1;Czapka KioWi z osłoną ochronną;Grafitowy;;89.90;1;0;0
353;287;1;Czapka KioWi z osłoną ochronną;Grafitowy;;89.90;1;0;0
355;288;1;Czapka KioWi z osłoną ochronną;Grafitowy;;89.90;3;0;0
370;297;1;Czapka KioWi z osłoną ochronną;Grafitowy;;89.90;1;0;0
375;302;1;Czapka KioWi z osłoną ochronną;Grafitowy;;89.90;1;0;0
381;307;1;Czapka KioWi z osłoną ochronną;Grafitowy;;89.90;1;0;0
395;317;1;Czapka KioWi z osłoną ochronną;Grafitowy;;89.90;1;0;0
402;323;1;Czapka KioWi z osłoną ochronną;Grafitowy;;89.90;1;0;0
403;324;1;Czapka KioWi z osłoną ochronną;Grafitowy;;89.90;1;0;0
406;327;1;Czapka KioWi z osłoną ochronną;Grafitowy;;89.90;1;0;0
408;328;1;Czapka KioWi z osłoną ochronną;Grafitowy;;89.90;1;0;0
409;329;1;Czapka KioWi z osłoną ochronną;Grafitowy;;89.90;1;0;0
412;331;1;Czapka KioWi z osłoną ochronną;Grafitowy;;89.90;1;0;0
422;337;1;Czapka KioWi z osłoną ochronną;Grafitowy;;89.90;1;0;0
423;338;1;Czapka KioWi z osłoną ochronną;Grafitowy;;89.90;1;0;0
426;341;1;Czapka KioWi z osłoną ochronną;Grafitowy;;89.90;1;0;0
429;344;1;Czapka KioWi z osłoną ochronną;Grafitowy;;89.90;1;0;0
436;350;1;Czapka KioWi z osłoną ochronną;Grafitowy;;89.90;1;0;0
437;351;1;Czapka KioWi z osłoną ochronną;Grafitowy;;89.90;2;0;0
438;352;1;Czapka KioWi z osłoną ochronną;Grafitowy;;89.90;1;0;0
439;353;1;Czapka KioWi z osłoną ochronną;Grafitowy;;89.90;1;0;0
441;354;1;Czapka KioWi z osłoną ochronną;Grafitowy;;89.90;1;0;0
447;360;1;Czapka KioWi z osłoną ochronną;Grafitowy;;89.90;1;0;0
450;362;1;Czapka KioWi z osłoną ochronną;Grafitowy;;89.90;1;0;0
451;363;1;Czapka KioWi z osłoną ochronną;Grafitowy;;89.90;1;0;0
455;366;1;Czapka KioWi z osłoną ochronną;Grafitowy;;89.90;1;0;0
461;370;1;Czapka KioWi z osłoną ochronną;Grafitowy;;89.90;1;0;0
473;380;1;Czapka KioWi z osłoną ochronną;Grafitowy;;89.90;1;0;0
476;383;1;Czapka KioWi z osłoną ochronną;Grafitowy;;89.90;1;0;0
499;405;1;Czapka KioWi z osłoną ochronną;Grafitowy;;89.90;1;0;0
512;416;1;Czapka KioWi z osłoną ochronną;Grafitowy;;89.90;1;0;0
515;419;1;Czapka KioWi z osłoną ochronną;Grafitowy;;89.90;1;0;0
516;420;1;Czapka KioWi z osłoną ochronną;Grafitowy;;89.90;1;0;0
522;424;1;Czapka KioWi z osłoną ochronną;Grafitowy;;89.90;1;0;0
530;431;1;Czapka KioWi z osłoną ochronną;Grafitowy;;89.90;1;0;0
546;444;1;Czapka KioWi z osłoną ochronną;Grafitowy;;89.90;1;0;0
550;447;1;Czapka KioWi z osłoną ochronną;Grafitowy;;89.90;1;0;0
554;449;1;Czapka KioWi z osłoną ochronną;Grafitowy;;89.90;1;0;0
564;456;1;Czapka KioWi z osłoną ochronną;Grafitowy;;89.90;1;0;0
566;458;1;Czapka KioWi z osłoną ochronną;Grafitowy;;89.90;1;0;0
568;459;1;Czapka KioWi z osłoną ochronną;Grafitowy;;89.90;1;0;0
573;463;1;Czapka KioWi z osłoną ochronną;Grafitowy;;89.90;1;0;0
579;467;1;Czapka KioWi z osłoną ochronną;Grafitowy;;89.90;2;0;0
582;468;1;Czapka KioWi z osłoną ochronną;Grafitowy;;89.90;1;0;0
585;471;1;Czapka KioWi z osłoną ochronną;Grafitowy;;89.90;1;0;0
592;477;1;Czapka KioWi z osłoną ochronną;Grafitowy;;89.90;1;0;0
599;483;1;Czapka KioWi z osłoną ochronną;Grafitowy;;74.90;1;0;0
600;484;1;Czapka KioWi z osłoną ochronną;Grafitowy;;74.90;1;0;0
605;488;1;Czapka KioWi z osłoną ochronną;Grafitowy;;74.90;1;0;0
609;490;1;Czapka KioWi z osłoną ochronną;Grafitowy;;74.90;1;0;0
610;491;1;Czapka KioWi z osłoną ochronną;Grafitowy;;74.90;1;0;0
613;494;1;Czapka KioWi z osłoną ochronną;Grafitowy;;74.90;1;0;0
618;498;1;Czapka KioWi z osłoną ochronną;Grafitowy;;74.90;1;0;0
619;499;1;Czapka KioWi z osłoną ochronną;Grafitowy;;74.90;1;0;0
621;501;1;Czapka KioWi z osłoną ochronną;Grafitowy;;74.90;1;0;0
625;504;1;Czapka KioWi z osłoną ochronną;Grafitowy;;74.90;1;0;0
632;510;1;Czapka KioWi z osłoną ochronną;Grafitowy;;74.90;2;0;0
641;518;1;Czapka KioWi z osłoną ochronną;Grafitowy;;74.90;1;0;0
644;520;1;Czapka KioWi z osłoną ochronną;Grafitowy;;74.90;1;0;0
649;525;1;Czapka KioWi z osłoną ochronną;Grafitowy;;74.90;1;0;0
653;528;1;Czapka KioWi z osłoną ochronną;Grafitowy;;74.90;1;0;0
656;531;1;Czapka KioWi z osłoną ochronną;Grafitowy;;89.90;1;0;0
670;542;1;Czapka KioWi z osłoną ochronną;Grafitowy;;89.90;1;0;0
672;544;1;Czapka KioWi z osłoną ochronną;Grafitowy;;89.90;1;0;0
674;546;1;Czapka KioWi z osłoną ochronną;Grafitowy;;89.90;3;0;0
675;547;1;Czapka KioWi z osłoną ochronną;Grafitowy;;89.90;3;0;0
676;548;1;Czapka KioWi z osłoną ochronną;Grafitowy;;89.90;3;0;0
681;552;1;Czapka KioWi z osłoną ochronną;Grafitowy;;89.90;1;0;0
688;558;1;Czapka KioWi z osłoną ochronną;Grafitowy;;89.90;1;0;0
692;562;1;Czapka KioWi z osłoną ochronną;Grafitowy;;89.90;1;0;0
694;563;1;Czapka KioWi z osłoną ochronną;Grafitowy;;89.90;1;0;0
696;564;1;Czapka KioWi z osłoną ochronną;Grafitowy;;89.90;1;0;0
699;566;1;Czapka KioWi z osłoną ochronną;Grafitowy;;89.90;1;0;0
38;33;1;Czapka KioWi z osłoną ochronną;Grafitowy;;89.90;4;0;0
42;37;1;Czapka KioWi z osłoną ochronną;Grafitowy;;89.90;1;0;0
46;39;1;Czapka KioWi z osłoną ochronną;Grafitowy;;89.90;1;0;0
55;47;1;Czapka KioWi z osłoną ochronną;Grafitowy;;89.90;1;0;0
36;31;1;Czapka KioWi z osłoną ochronną;Grafitowy;;89.90;1;0;0
138;114;1;Czapka KioWi z osłoną ochronną;Ciemnoniebieski;;89.90;1;0;0
5;5;1;Czapka KioWi z osłoną ochronną;Szary;;89.90;1;0;0
9;8;1;Czapka KioWi z osłoną ochronną;Szary;;89.90;1;0;0
10;9;1;Czapka KioWi z osłoną ochronną;Szary;;89.90;1;0;0
11;10;1;Czapka KioWi z osłoną ochronną;Szary;;1.00;1;0;0
29;25;1;Czapka KioWi z osłoną ochronną;Szary;;89.90;1;0;0
68;57;1;Czapka KioWi z osłoną ochronną;Szary;;89.90;1;0;0
70;58;1;Czapka KioWi z osłoną ochronną;Szary;;89.90;1;0;0
81;68;1;Czapka KioWi z osłoną ochronną;Szary;;89.90;1;0;0
91;76;1;Czapka KioWi z osłoną ochronną;Szary;;89.90;1;0;0
109;91;1;Czapka KioWi z osłoną ochronną;Szary;;89.90;1;0;0
115;97;1;Czapka KioWi z osłoną ochronną;Szary;;89.90;1;0;0
121;102;1;Czapka KioWi z osłoną ochronną;Szary;;89.90;1;0;0
126;104;1;Czapka KioWi z osłoną ochronną;Szary;;89.90;1;0;0
128;105;1;Czapka KioWi z osłoną ochronną;Szary;;89.90;1;0;0
131;108;1;Czapka KioWi z osłoną ochronną;Szary;;89.90;1;0;0
133;110;1;Czapka KioWi z osłoną ochronną;Szary;;89.90;1;0;0
141;117;1;Czapka KioWi z osłoną ochronną;Szary;;89.90;1;0;0
142;118;1;Czapka KioWi z osłoną ochronną;Szary;;89.90;1;0;0
144;119;1;Czapka KioWi z osłoną ochronną;Szary;;89.90;3;0;0
151;124;1;Czapka KioWi z osłoną ochronną;Szary;;89.90;1;0;0
154;126;1;Czapka KioWi z osłoną ochronną;Szary;;89.90;1;0;0
158;128;1;Czapka KioWi z osłoną ochronną;Szary;;89.90;1;0;0
167;137;1;Czapka KioWi z osłoną ochronną;Szary;;89.90;1;0;0
171;140;1;Czapka KioWi z osłoną ochronną;Szary;;89.90;2;0;0
182;150;1;Czapka KioWi z osłoną ochronną;Szary;;89.90;1;0;0
183;151;1;Czapka KioWi z osłoną ochronną;Szary;;89.90;1;0;0
194;159;1;Czapka KioWi z osłoną ochronną;Szary;;89.90;1;0;0
196;161;1;Czapka KioWi z osłoną ochronną;Szary;;89.90;1;0;0
200;165;1;Czapka KioWi z osłoną ochronną;Szary;;89.90;1;0;0
215;179;1;Czapka KioWi z osłoną ochronną;Szary;;89.90;1;0;0
219;182;1;Czapka KioWi z osłoną ochronną;Szary;;89.90;1;0;0
222;184;1;Czapka KioWi z osłoną ochronną;Szary;;89.90;1;0;0
224;186;1;Czapka KioWi z osłoną ochronną;Szary;;89.90;1;0;0
226;187;1;Czapka KioWi z osłoną ochronną;Szary;;89.90;1;0;0
228;188;1;Czapka KioWi z osłoną ochronną;Szary;;89.90;1;0;0
230;189;1;Czapka KioWi z osłoną ochronną;Szary;;89.90;1;0;0
233;192;1;Czapka KioWi z osłoną ochronną;Szary;;89.90;1;0;0
234;193;1;Czapka KioWi z osłoną ochronną;Szary;;89.90;1;0;0
235;194;1;Czapka KioWi z osłoną ochronną;Szary;;89.90;1;0;0
237;196;1;Czapka KioWi z osłoną ochronną;Szary;;89.90;1;0;0
240;198;1;Czapka KioWi z osłoną ochronną;Szary;;89.90;1;0;0
245;201;1;Czapka KioWi z osłoną ochronną;Szary;;89.90;1;0;0
250;205;1;Czapka KioWi z osłoną ochronną;Szary;;89.90;1;0;0
251;206;1;Czapka KioWi z osłoną ochronną;Szary;;89.90;1;0;0
255;210;1;Czapka KioWi z osłoną ochronną;Szary;;89.90;1;0;0
256;211;1;Czapka KioWi z osłoną ochronną;Szary;;89.90;1;0;0
257;212;1;Czapka KioWi z osłoną ochronną;Szary;;89.90;1;0;0
260;214;1;Czapka KioWi z osłoną ochronną;Szary;;89.90;1;0;0
261;215;1;Czapka KioWi z osłoną ochronną;Szary;;89.90;2;0;0
263;216;1;Czapka KioWi z osłoną ochronną;Szary;;89.90;1;0;0
266;218;1;Czapka KioWi z osłoną ochronną;Szary;;89.90;1;0;0
267;219;1;Czapka KioWi z osłoną ochronną;Szary;;89.90;1;0;0
269;221;1;Czapka KioWi z osłoną ochronną;Szary;;89.90;1;0;0
270;222;1;Czapka KioWi z osłoną ochronną;Szary;;89.90;1;0;0
272;224;1;Czapka KioWi z osłoną ochronną;Szary;;89.90;1;0;0
286;234;1;Czapka KioWi z osłoną ochronną;Szary;;89.90;1;0;0
289;235;1;Czapka KioWi z osłoną ochronną;Szary;;89.90;1;0;0
293;239;1;Czapka KioWi z osłoną ochronną;Szary;;89.90;1;0;0
297;243;1;Czapka KioWi z osłoną ochronną;Szary;;89.90;1;0;0
307;253;1;Czapka KioWi z osłoną ochronną;Szary;;89.90;3;0;0
311;256;1;Czapka KioWi z osłoną ochronną;Szary;;89.90;1;0;0
314;258;1;Czapka KioWi z osłoną ochronną;Szary;;89.90;1;0;0
317;260;1;Czapka KioWi z osłoną ochronną;Szary;;89.90;1;0;0
319;261;1;Czapka KioWi z osłoną ochronną;Szary;;89.90;1;0;0
345;280;1;Czapka KioWi z osłoną ochronną;Szary;;89.90;1;0;0
351;285;1;Czapka KioWi z osłoną ochronną;Szary;;89.90;1;0;0
354;287;1;Czapka KioWi z osłoną ochronną;Szary;;89.90;1;0;0
356;288;1;Czapka KioWi z osłoną ochronną;Szary;;89.90;2;0;0
360;291;1;Czapka KioWi z osłoną ochronną;Szary;;89.90;1;0;0
365;293;1;Czapka KioWi z osłoną ochronną;Szary;;89.90;1;0;0
369;297;1;Czapka KioWi z osłoną ochronną;Szary;;89.90;1;0;0
373;300;1;Czapka KioWi z osłoną ochronną;Szary;;89.90;1;0;0
382;308;1;Czapka KioWi z osłoną ochronną;Szary;;89.90;1;0;0
386;311;1;Czapka KioWi z osłoną ochronną;Szary;;89.90;1;0;0
387;312;1;Czapka KioWi z osłoną ochronną;Szary;;89.90;1;0;0
396;318;1;Czapka KioWi z osłoną ochronną;Szary;;89.90;1;0;0
398;320;1;Czapka KioWi z osłoną ochronną;Szary;;89.90;1;0;0
407;327;1;Czapka KioWi z osłoną ochronną;Szary;;89.90;1;0;0
415;333;1;Czapka KioWi z osłoną ochronną;Szary;;89.90;1;0;0
421;337;1;Czapka KioWi z osłoną ochronną;Szary;;89.90;1;0;0
434;348;1;Czapka KioWi z osłoną ochronną;Szary;;89.90;1;0;0
440;354;1;Czapka KioWi z osłoną ochronną;Szary;;89.90;1;0;0
448;361;1;Czapka KioWi z osłoną ochronną;Szary;;89.90;1;0;0
457;367;1;Czapka KioWi z osłoną ochronną;Szary;;89.90;1;0;0
458;368;1;Czapka KioWi z osłoną ochronną;Szary;;89.90;1;0;0
464;372;1;Czapka KioWi z osłoną ochronną;Szary;;89.90;1;0;0
475;382;1;Czapka KioWi z osłoną ochronną;Szary;;89.90;1;0;0
480;386;1;Czapka KioWi z osłoną ochronną;Szary;;89.90;1;0;0
489;395;1;Czapka KioWi z osłoną ochronną;Szary;;89.90;1;0;0
501;407;1;Czapka KioWi z osłoną ochronną;Szary;;89.90;1;0;0
507;412;1;Czapka KioWi z osłoną ochronną;Szary;;89.90;1;0;0
508;413;1;Czapka KioWi z osłoną ochronną;Szary;;89.90;1;0;0
510;414;1;Czapka KioWi z osłoną ochronną;Szary;;89.90;1;0;0
521;424;1;Czapka KioWi z osłoną ochronną;Szary;;89.90;1;0;0
524;426;1;Czapka KioWi z osłoną ochronną;Szary;;89.90;1;0;0
535;435;1;Czapka KioWi z osłoną ochronną;Szary;;89.90;2;0;0
539;438;1;Czapka KioWi z osłoną ochronną;Szary;;89.90;1;0;0
543;442;1;Czapka KioWi z osłoną ochronną;Szary;;89.90;1;0;0
559;453;1;Czapka KioWi z osłoną ochronną;Szary;;89.90;1;0;0
561;454;1;Czapka KioWi z osłoną ochronną;Szary;;89.90;1;0;0
562;455;1;Czapka KioWi z osłoną ochronną;Szary;;89.90;1;0;0
577;466;1;Czapka KioWi z osłoną ochronną;Szary;;89.90;1;0;0
578;467;1;Czapka KioWi z osłoną ochronną;Szary;;89.90;1;0;0
581;468;1;Czapka KioWi z osłoną ochronną;Szary;;89.90;1;0;0
586;471;1;Czapka KioWi z osłoną ochronną;Szary;;89.90;1;0;0
593;478;1;Czapka KioWi z osłoną ochronną;Szary;;89.90;1;0;0
595;480;1;Czapka KioWi z osłoną ochronną;Szary;;89.90;1;0;0
598;483;1;Czapka KioWi z osłoną ochronną;Szary;;74.90;1;0;0
602;485;1;Czapka KioWi z osłoną ochronną;Szary;;74.90;1;0;0
606;488;1;Czapka KioWi z osłoną ochronną;Szary;;74.90;1;0;0
611;492;1;Czapka KioWi z osłoną ochronną;Szary;;74.90;2;0;0
612;493;1;Czapka KioWi z osłoną ochronną;Szary;;74.90;1;0;0
617;497;1;Czapka KioWi z osłoną ochronną;Szary;;74.90;2;0;0
650;525;1;Czapka KioWi z osłoną ochronną;Szary;;74.90;1;0;0
658;533;1;Czapka KioWi z osłoną ochronną;Szary;;89.90;1;0;0
660;534;1;Czapka KioWi z osłoną ochronną;Szary;;89.90;1;0;0
666;539;1;Czapka KioWi z osłoną ochronną;Szary;;89.90;2;0;0
667;540;1;Czapka KioWi z osłoną ochronną;Szary;;89.90;1;0;0
673;545;1;Czapka KioWi z osłoną ochronną;Szary;;89.90;1;0;0
677;549;1;Czapka KioWi z osłoną ochronną;Szary;;89.90;1;0;0
682;552;1;Czapka KioWi z osłoną ochronną;Szary;;89.90;1;0;0
686;556;1;Czapka KioWi z osłoną ochronną;Szary;;89.90;1;0;0
33;28;1;Czapka KioWi z osłoną ochronną;Szary;;89.90;1;0;0
37;32;1;Czapka KioWi z osłoną ochronną;Szary;;89.90;1;0;0
41;36;1;Czapka KioWi z osłoną ochronną;Szary;;89.90;1;0;0
44;38;1;Czapka KioWi z osłoną ochronną;Szary;;89.90;1;0;0
45;39;1;Czapka KioWi z osłoną ochronną;Szary;;89.90;1;0;0
48;40;1;Czapka KioWi z osłoną ochronną;Szary;;89.90;1;0;0
49;41;1;Czapka KioWi z osłoną ochronną;Szary;;89.90;1;0;0
